spectrum_id,predictions,predictions_tokenised,log_probs,sequence,instanovo_predictions_beam_0,instanovo_log_probabilities_beam_0,token_log_probabilities_beam_0,instanovo_predictions_beam_1,instanovo_log_probabilities_beam_1,token_log_probabilities_beam_1,instanovo_predictions_beam_2,instanovo_log_probabilities_beam_2,token_log_probabilities_beam_2
spectrum_0,PEPTIDEK,"P, E, P, T, I, D, E, K",-0.7636862219969088,PEPTIDEK,PEPTIDEK,-1.6500325728393013,"[np.float64(-0.1748586825255312), np.float64(-0.11812380256490737), np.float64(-0.4244174254105504), np.float64(-0.1257953927325198), np.float64(-0.38816068057507885), np.float64(-0.26410896668030115), np.float64(-0.6292338175201165), np.float64(-0.15217329880962896)]",DANMSILK,-1.8352181215026244,"[np.float64(-0.6473942916341903), np.float64(-0.5873544435494568), np.float64(-0.3311340037739977), np.float64(-0.461679121275345), np.float64(-0.33102174101472986), np.float64(-0.12941658831241085), np.float64(-0.5102407439210165), np.float64(-0.47393637044827164)]",KKDFIARQ,-0.5405515225165534,"[np.float64(-0.39934497225182325), np.float64(-0.3004290370757989), np.float64(-0.4109280422910388), np.float64(-0.11995081362279063), np.float64(-0.3797384736330186), np.float64(-0.2892842986776428), np.float64(-0.5312895300249746), np.float64(-0.15412980799057313)]"
spectrum_1,MASSIVE,"M, A, S, S, I, V, E",-0.8844631148929989,MASSIVE,MASSIVE,-0.5322991528212426,"[np.float64(-0.4793246952823274), np.float64(-0.5026558721895318), np.float64(-0.6890519382716996), np.float64(-0.3322875958989861), np.float64(-0.37071802113401764), np.float64(-0.2816344349600218), np.float64(-0.11509479188677506)]",VKGVFVC,-2.2211940225832416,"[np.float64(-0.5192989955325572), np.float64(-0.12889869750317104), np.float64(-0.2862196070574901), np.float64(-0.5783869416636498), np.float64(-0.13090159847464067), np.float64(-0.5061584166340479), np.float64(-0.3285505220491112)]",WSGCVLW,-0.10823656692822622,"[np.float64(-0.18670320295967338), np.float64(-0.5818906788867247), np.float64(-0.262767601555314), np.float64(-0.6788120209033441), np.float64(-0.4933311252591855), np.float64(-0.4428554553451626), np.float64(-0.5978579728747742)]"
spectrum_2,PEPTIDES,"P, E, P, T, I, D, E, S",-1.1445489034470746,PEPTIDES,PEPTIDES,-1.5764250273197848,"[np.float64(-0.1468017954923722), np.float64(-0.1461116442723898), np.float64(-0.34234627925918576), np.float64(-0.6132135620205873), np.float64(-0.557976914941181), np.float64(-0.12645240685032602), np.float64(-0.40829732501892785), np.float64(-0.16722782455894564)]",NKTCCEEK,-1.3851657166463507,"[np.float64(-0.6381269348405222), np.float64(-0.6096807297916665), np.float64(-0.12046817990332713), np.float64(-0.14587259813978418), np.float64(-0.37513115016624676), np.float64(-0.6357866416286385), np.float64(-0.44519071831487855), np.float64(-0.5668718493437244)]",QLYMDRYY,-0.17325524800724948,"[np.float64(-0.4626802366225312), np.float64(-0.5774600029268754), np.float64(-0.260607219094593), np.float64(-0.6087770001679803), np.float64(-0.6778328782889893), np.float64(-0.6054499435950794), np.float64(-0.6180098006060015), np.float64(-0.2686769664815069)]"
spectrum_3,SEQQENCR,"S, E, Q, Q, E, N, C, R",-0.7311783591483478,SEQQENCR,SEQQENCR,-1.2293873828990864,"[np.float64(-0.2628321885993025), np.float64(-0.28566501693952406), np.float64(-0.4939299780095215), np.float64(-0.1523369331149818), np.float64(-0.5399857638280854), np.float64(-0.4128491573768657), np.float64(-0.10822127377413646), np.float64(-0.23030559688913488)]",QMDWSCTW,-0.21420092629033446,"[np.float64(-0.5434079040906716), np.float64(-0.25047567327076287), np.float64(-0.5176715142304991), np.float64(-0.4960917101924121), np.float64(-0.39676100053765784), np.float64(-0.15877088367986547), np.float64(-0.6193236389886507), np.float64(-0.2189340884111104)]",CADCDTWR,-0.9597610429785925,"[np.float64(-0.43203562616194674), np.float64(-0.6629826125368027), np.float64(-0.5358447546153118), np.float64(-0.6571848533550182), np.float64(-0.15123173840126744), np.float64(-0.32936825308173), np.float64(-0.5434718876732179), np.float64(-0.2543653486380659)]"
spectrum_4,PEPTIDE,"P, E, P, T, I, D, E",-1.998773817112167,PEPTIDE,PEPTIDE,-1.0169090521774529,"[np.float64(-0.3885717601407536), np.float64(-0.32259756174369875), np.float64(-0.4087170966436953), np.float64(-0.2347162615695798), np.float64(-0.41600229827170704), np.float64(-0.26388994207667704), np.float64(-0.24604601813329632)]",SHMEIKL,-0.4648015839760259,"[np.float64(-0.16509792754122304), np.float64(-0.35623885581238096), np.float64(-0.565518987675161), np.float64(-0.14801315354602163), np.float64(-0.2241973681807531), np.float64(-0.5001368067401828), np.float64(-0.4779056652573718)]",FYHYVIF,-0.9785922619918105,"[np.float64(-0.3650651185678444), np.float64(-0.1741765659897027), np.float64(-0.6365691372850841), np.float64(-0.4028584132102789), np.float64(-0.455441439800937), np.float64(-0.1118858400579136), np.float64(-0.46078019177624896)]"
spectrum_5,MASSIVE,"M, A, S, S, I, V, E",-0.24621410846739605,MASSIVE,MASSIVE,-0.23913321643116375,"[np.float64(-0.2959509005053035), np.float64(-0.3340558584740735), np.float64(-0.5405415673931288), np.float64(-0.5453056347013177), np.float64(-0.20053170454510355), np.float64(-0.4842922493310519), np.float64(-0.27130342954803666)]",MKLDMKF,-1.5985820569147855,"[np.float64(-0.1313095812032897), np.float64(-0.5782973191144059), np.float64(-0.3843019810165814), np.float64(-0.337482968089092), np.float64(-0.11504036937440844), np.float64(-0.2515551445238819), np.float64(-0.1541555810974277)]",VMFQEVW,-0.1868441942157686,"[np.float64(-0.1259407974887463), np.float64(-0.41180563320360125), np.float64(-0.20943366253316517), np.float64(-0.2121358261999587), np.float64(-0.46223096380945944), np.float64(-0.36831203124148165), np.float64(-0.23878055929552042)]"
spectrum_6,PEPTIDES,"P, E, P, T, I, D, E, S",-2.053088690605781,PEPTIDES,PEPTIDES,-0.4574868196032306,"[np.float64(-0.4782830729270199), np.float64(-0.5837703088047349), np.float64(-0.41312033453939045), np.float64(-0.47143215191802523), np.float64(-0.515236660579557), np.float64(-0.30755610309096204), np.float64(-0.5139349507413116), np.float64(-0.22425886715132187)]",LIFMQWMK,-0.9718403755327223,"[np.float64(-0.5537780669436364), np.float64(-0.27390837184539524), np.float64(-0.49662970813372276), np.float64(-0.14659761878274918), np.float64(-0.3815725457345243), np.float64(-0.2223147416057317), np.float64(-0.3304959385027363), np.float64(-0.12144100705013827)]",EEEKTIMF,-1.3864529295124846,"[np.float64(-0.13118130757164556), np.float64(-0.14683209030189098), np.float64(-0.6463128810875516), np.float64(-0.46430296742107285), np.float64(-0.23572900587520723), np.float64(-0.6496205181336915), np.float64(-0.5155505175747892), np.float64(-0.35797428711694096)]"
spectrum_7,SEQQENCR,"S, E, Q, Q, E, N, C, R",-1.0126884990735847,SEQQENCR,SEQQENCR,-0.6293656274252704,"[np.float64(-0.23818275135967854), np.float64(-0.2508946419694623), np.float64(-0.6141565126783476), np.float64(-0.1307273604299081), np.float64(-0.35476840089447226), np.float64(-0.15097470620351006), np.float64(-0.5457070454013979), np.float64(-0.3041100426845633)]",IRKMLTRR,-1.6150934193603126,"[np.float64(-0.558675777467587), np.float64(-0.5622891586192849), np.float64(-0.22262640968265274), np.float64(-0.6096692929137849), np.float64(-0.60962553974469), np.float64(-0.5755674316081473), np.float64(-0.16979723808362127), np.float64(-0.34714551812652594)]",SAKWQYTE,-0.5875916687723126,"[np.float64(-0.2739061808702664), np.float64(-0.685293229754978), np.float64(-0.3508388887063106), np.float64(-0.3221883856756329), np.float64(-0.2870135323655783), np.float64(-0.54841910271944), np.float64(-0.5390441543024372), np.float64(-0.6366216069212395)]"
spectrum_8,PEPTIDEK,"P, E, P, T, I, D, E, K",-0.16809729420639122,PEPTIDEK,PEPTIDEK,-2.093856462922359,"[np.float64(-0.1208538841340978), np.float64(-0.10593924046597834), np.float64(-0.6739968247853784), np.float64(-0.367416235067168), np.float64(-0.4835849174484238), np.float64(-0.6434274917192637), np.float64(-0.3176606262906486), np.float64(-0.6890887991821578)]",QIGHQLPH,-0.8409884429664322,"[np.float64(-0.3865912610010219), np.float64(-0.2028054767104919), np.float64(-0.3039296650947225), np.float64(-0.29360942025434017), np.float64(-0.37896427688065293), np.float64(-0.2853872399265587), np.float64(-0.29539848571849486), np.float64(-0.5026579451662836)]",IIIPWPFP,-1.0115963336373757,"[np.float64(-0.19937714531373263), np.float64(-0.20444283504480595), np.float64(-0.4137493139784607), np.float64(-0.1179623028073559), np.float64(-0.463476904532115), np.float64(-0.14814939996838383), np.float64(-0.10762393928338725), np.float64(-0.28369617232260474)]"
spectrum_9,MASSIVE,"M, A, S, S, I, V, E",-0.3737191989139599,MASSIVE,MASSIVE,-0.3754229707148469,"[np.float64(-0.29502760377383414), np.float64(-0.16478904447910184), np.float64(-0.15847935136804028), np.float64(-0.1258718950105468), np.float64(-0.22822452773890872), np.float64(-0.5553259322536723), np.float64(-0.3947160936618421)]",CTCTHRG,-0.2812216804756174,"[np.float64(-0.6891268220162872), np.float64(-0.6443499230468431), np.float64(-0.31203511169866915), np.float64(-0.6340747505196449), np.float64(-0.46037813089614893), np.float64(-0.32877982205598205), np.float64(-0.12267281460805764)]",YGPLTDS,-0.532976432492643,"[np.float64(-0.1364500400584697), np.float64(-0.30311192763712225), np.float64(-0.6029049630917274), np.float64(-0.22560730892774605), np.float64(-0.11261870574384422), np.float64(-0.20535709613858066), np.float64(-0.22901651262969214)]"
spectrum_10,PEPTIDES,"P, E, P, T, I, D, E, S",-1.123583176952855,PEPTIDES,PEPTIDES,-0.8771661417424551,"[np.float64(-0.15740286452934388), np.float64(-0.5074670830930991), np.float64(-0.3896039471783252), np.float64(-0.2919916248094169), np.float64(-0.613705876429404), np.float64(-0.36234259703071175), np.float64(-0.6580083234454621), np.float64(-0.47056220486219613)]",AFVKDGHC,-0.8078643993412195,"[np.float64(-0.12952893636940435), np.float64(-0.3982594844453759), np.float64(-0.21175494102021075), np.float64(-0.4267197749543828), np.float64(-0.6299712021605661), np.float64(-0.2561911794984124), np.float64(-0.14586440600122427), np.float64(-0.14622131508054437)]",LCGIIIDM,-1.228990618946165,"[np.float64(-0.5282440472509209), np.float64(-0.13380557816112335), np.float64(-0.21462541230119056), np.float64(-0.18639319964827125), np.float64(-0.6282733718101716), np.float64(-0.6357346822374799), np.float64(-0.11126765809420396), np.float64(-0.438963993274627)]"
spectrum_11,SEQQENCR,"S, E, Q, Q, E, N, C, R",-1.1969333886900788,SEQQENCR,SEQQENCR,-0.29889443686511197,"[np.float64(-0.22212422781795355), np.float64(-0.24054453074744123), np.float64(-0.13167973941768366), np.float64(-0.2097854855152427), np.float64(-0.5342795186427891), np.float64(-0.14851338166389896), np.float64(-0.32724699796368095), np.float64(-0.17678592070136948)]",QRAHHKLL,-0.43457509864518357,"[np.float64(-0.1105858335564288), np.float64(-0.357580347006545), np.float64(-0.22107648944414238), np.float64(-0.1794892099187191), np.float64(-0.1293304830617529), np.float64(-0.5495110663772587), np.float64(-0.3057471572887846), np.float64(-0.39238588476482134)]",RIPRPPFE,-0.36305519703656475,"[np.float64(-0.2475028944380424), np.float64(-0.5145985151342626), np.float64(-0.31922913307694395), np.float64(-0.4758349798382712), np.float64(-0.18318022233364076), np.float64(-0.44760475505366243), np.float64(-0.25799722705786743), np.float64(-0.3578587295327179)]"
spectrum_12,PEPTIDE,"P, E, P, T, I, D, E",-2.2627327346165718,PEPTIDE,PEPTIDE,-1.1922520920581292,"[np.float64(-0.14041699433925908), np.float64(-0.18442234802062135), np.float64(-0.41903800577692385), np.float64(-0.30208495832668303), np.float64(-0.3958922269572428), np.float64(-0.2514673415874037), np.float64(-0.3654640324379145)]",VSWYEYF,-0.15609828181522786,"[np.float64(-0.22758344432549726), np.float64(-0.29888575717371463), np.float64(-0.3183888424650262), np.float64(-0.6674141573377196), np.float64(-0.30447432496258514), np.float64(-0.593466811610443), np.float64(-0.4030341591544194)]",LHLNHAF,-1.641115699845967,"[np.float64(-0.5472777119191542), np.float64(-0.5876023438768648), np.float64(-0.10828021127317443), np.float64(-0.24339750160847565), np.float64(-0.4115265979952508), np.float64(-0.6751902564015971), np.float64(-0.5386242171490149)]"
spectrum_13,MASSIVE,"M, A, S, S, I, V, E",-0.4207237803745915,MASSIVE,MASSIVE,-1.927524559354949,"[np.float64(-0.5954686500037494), np.float64(-0.2774041402881911), np.float64(-0.5414867649227039), np.float64(-0.22566817272455073), np.float64(-0.6120338783723007), np.float64(-0.6873166164036753), np.float64(-0.45602877933358993)]",DPCSLQV,-2.2121470608974816,"[np.float64(-0.3086323809092415), np.float64(-0.13948249366539656), np.float64(-0.2680113890894485), np.float64(-0.6930560949306519), np.float64(-0.2602094457872819), np.float64(-0.2129751198875856), np.float64(-0.2179920740653772)]",AQAAMYI,-2.2216755886861574,"[np.float64(-0.2656756270782555), np.float64(-0.42577567928280485), np.float64(-0.5856596612114177), np.float64(-0.5007678184076443), np.float64(-0.5132153631989125), np.float64(-0.44772654204289475), np.float64(-0.19755642473161852)]"
spectrum_14,PEPTIDES,"P, E, P, T, I, D, E, S",-1.9730880887099862,PEPTIDES,PEPTIDES,-0.23152997839443845,"[np.float64(-0.11911895086990873), np.float64(-0.24796113087805974), np.float64(-0.4072553888648447), np.float64(-0.6009311131221478), np.float64(-0.6459861183890181), np.float64(-0.23510901593709763), np.float64(-0.14829075674975176), np.float64(-0.6804079360614733)]",WFNMKYPY,-1.026264660310471,"[np.float64(-0.11194576854520978), np.float64(-0.506379937734463), np.float64(-0.15511785713479778), np.float64(-0.39597843192157367), np.float64(-0.458242766740372), np.float64(-0.336923656702095), np.float64(-0.2157812372341087), np.float64(-0.23802400704354176)]",THVNEWDK,-1.763136617868833,"[np.float64(-0.6889419867133187), np.float64(-0.4844283976885137), np.float64(-0.16400075165874992), np.float64(-0.2011703637060572), np.float64(-0.6803127395724825), np.float64(-0.3031217829593479), np.float64(-0.21027886324430187), np.float64(-0.6270096578994876)]"
spectrum_15,SEQQENCR,"S, E, Q, Q, E, N, C, R",-0.6422981553561771,SEQQENCR,SEQQENCR,-1.284376255615888,"[np.float64(-0.30971457215833853), np.float64(-0.23389916096201158), np.float64(-0.4830823558098809), np.float64(-0.34373185888498303), np.float64(-0.19123223382020205), np.float64(-0.3030924824557671), np.float64(-0.42859740486194287), np.float64(-0.6329497140592579)]",WCMPYEVM,-0.7609435490228952,"[np.float64(-0.3439325461165797), np.float64(-0.10613573184789903), np.float64(-0.5653739536078608), np.float64(-0.4218009270107796), np.float64(-0.27634917662698405), np.float64(-0.14051550817522762), np.float64(-0.176729643544849), np.float64(-0.16337292259842476)]",VLNCKKWG,-0.5689391720364284,"[np.float64(-0.1711767795818404), np.float64(-0.2609198214766174), np.float64(-0.2291776759203892), np.float64(-0.1600739877147428), np.float64(-0.3882773714178049), np.float64(-0.29555260657944565), np.float64(-0.32826020629954655), np.float64(-0.6253858941986579)]"
spectrum_16,PEPTIDEK,"P, E, P, T, I, D, E, K",-0.1396097391739677,PEPTIDEK,PEPTIDEK,-0.8580417332931659,"[np.float64(-0.36418526090876374), np.float64(-0.3750170473528839), np.float64(-0.5575436066762), np.float64(-0.6385560199240516), np.float64(-0.351885897096517), np.float64(-0.4576945870020608), np.float64(-0.5347783329153784), np.float64(-0.620151848601525)]",KEVPYKAD,-0.8307558545201461,"[np.float64(-0.16665506888765855), np.float64(-0.4580902089789952), np.float64(-0.36259850517015), np.float64(-0.5314076669237787), np.float64(-0.4903893178624768), np.float64(-0.4222928673951614), np.float64(-0.5519651708245514), np.float64(-0.3675151987697704)]",AVRCIYPR,-1.2215795426005904,"[np.float64(-0.44094024791973685), np.float64(-0.687912908195114), np.float64(-0.3110916469162062), np.float64(-0.4517853577435027), np.float64(-0.5866364468446136), np.float64(-0.21182272556682824), np.float64(-0.24681439659654547), np.float64(-0.13596327596018673)]"
spectrum_17,MASSIVE,"M, A, S, S, I, V, E",-1.673576044172536,MASSIVE,MASSIVE,-1.0416352236295878,"[np.float64(-0.18011733411718406), np.float64(-0.44309690273126257), np.float64(-0.18546967224676997), np.float64(-0.6725901169561864), np.float64(-0.6913571219485906), np.float64(-0.13952980371681353), np.float64(-0.26191907305593165)]",AVCNQEV,-2.1064853589028734,"[np.float64(-0.49941457645173465), np.float64(-0.5613620275510856), np.float64(-0.12683698539601138), np.float64(-0.576995184417916), np.float64(-0.2158555530642328), np.float64(-0.18840672391507085), np.float64(-0.17063769574233772)]",FIDVAFY,-0.720662642157043,"[np.float64(-0.158819522076645), np.float64(-0.12507331977330707), np.float64(-0.3182599244225264), np.float64(-0.4554459665475208), np.float64(-0.11464413536235571), np.float64(-0.55061860938854), np.float64(-0.6838185169116369)]"
spectrum_18,PEPTIDES,"P, E, P, T, I, D, E, S",-0.20385092564668866,PEPTIDES,PEPTIDES,-1.8243023305661654,"[np.float64(-0.10766780647118387), np.float64(-0.3684554790772888), np.float64(-0.5733129192232955), np.float64(-0.12679615833858135), np.float64(-0.5684051802426422), np.float64(-0.4343058484652547), np.float64(-0.13487630398608988), np.float64(-0.6298786133036921)]",YEEWHLMF,-0.21998080903850434,"[np.float64(-0.34970116792464323), np.float64(-0.12510327399597215), np.float64(-0.19074060012399183), np.float64(-0.3713073916915177), np.float64(-0.11676484767902127), np.float64(-0.1917769333555045), np.float64(-0.3137903773577807), np.float64(-0.15334435903655044)]",VARIMPMC,-2.155753908791302,"[np.float64(-0.28882205067883104), np.float64(-0.39508986900075516), np.float64(-0.42653791045742573), np.float64(-0.3632701174324455), np.float64(-0.2525320992759492), np.float64(-0.522647013018777), np.float64(-0.1830132796459985), np.float64(-0.31472506833943226)]"
spectrum_19,SEQQENCR,"S, E, Q, Q, E, N, C, R",-0.11296685048715463,SEQQENCR,SEQQENCR,-0.2554346478178205,"[np.float64(-0.3833345369220081), np.float64(-0.15675178365843412), np.float64(-0.4655941268240131), np.float64(-0.12209625224365629), np.float64(-0.10652893116790317), np.float64(-0.3646981732451785), np.float64(-0.46439278292724706), np.float64(-0.11723563636988465)]",KLQESVHN,-0.5398811568573243,"[np.float64(-0.37747579886843446), np.float64(-0.2831553354880077), np.float64(-0.40827869647373755), np.float64(-0.41762472834219044), np.float64(-0.18005039232318404), np.float64(-0.5154473495901091), np.float64(-0.22414917531599954), np.float64(-0.24503592841782743)]",HDETWCYM,-1.2772633021909128,"[np.float64(-0.2731991203786418), np.float64(-0.1850045539068488), np.float64(-0.45263593167185406), np.float64(-0.49574184487856604), np.float64(-0.2299389411312791), np.float64(-0.2216644179226556), np.float64(-0.6078837089643009), np.float64(-0.3635693939132283)]"
